Don't Step on the Grass, Sam,Steppenwolf,,xxx
It's Never Too Late,Steppenwolf,,xxx
Jupiter's Child,Steppenwolf,,xxx
Move Over,Steppenwolf,,1
Straight Shootin' Woman,Steppenwolf,,xxx
Heavensent (Radio Mix),Killing Heidi,,0
Heavensent (Remix Radio Edit Violet Town Live),Killing Heidi,,0
Up + Down,Killing Heidi,,1
What You Say I'll Do,Killing Heidi,,xxx
Nutha F..ken Love Song,Killing Heidi,,0
Heavensent (Remix Full Version),Killing Heidi,,0
Start As You Mean To Go On,Black Box Recorder,,0
Brutality,Black Box Recorder,,0
Soul Boy,Black Box Recorder,,0
Rock 'N' Roll Suicide,Black Box Recorder,,xxx
Videos,Black Box Recorder,,xxx
I Want Forget You,Faith No More,,0
This Guy's In Love With You,Faith No More,,xxx
Heitor Villa Lobos [Prelude No.2 in C minor],Jani Potter,,xxx
Joan Tower [Clocks],Jani Potter,,xxx
Maurice Ravel (trans. Janis Potter) [Prelude to Tombeau de Couperin],Jani Potter,,xxx
J. S. Bach BMV 996 (trans. Janis Potter) [Prelude],Jani Potter,,xxx
J. S. Bach BMV 996 (trans. Janis Potter) [Allemande],Jani Potter,,xxx
J. S. Bach BMV 996 (trans. Janis Potter)[ Bouré],Jani Potter,,xxx
J. S. Bach BMV 996 (trans. Janis Potter) [Gigue],Jani Potter,,xxx
Paul Bissell [Hangar 84 for Marimba & Tape],Jani Potter,,xxx
Eric Ewazen [Northern Lights],Jani Potter,,xxx
Franscisco Tarrega w/ Guest Glenn Paulson [Recuerdos De La Alhambra],Jani Potter,,xxx
Lick Your Fingers Clean,Jethro Tull,,0
The Chateau D'Isaster Tapes,Jethro Tull,,xxx
Beltane,Jethro Tull,,0
Crossword,Jethro Tull,,1
Saturation,Jethro Tull,,0
Jack-A-Lynn,Jethro Tull,,0
Motoreyes,Jethro Tull,,0
Blues Instrumental (Untitled),Jethro Tull,,0
Rhythm In Gold,Jethro Tull,,1
Part Of The Machine,Jethro Tull,,0
Mayhem, Maybe,Jethro Tull,,1
Overhang,Jethro Tull,,0
Don't Let Me Get Me,Pink,,xxx
Get The Party Started,Pink,,0
Family Portrait,Pink,,0
Eventually,Pink,,0
Gone To California,Pink,,1
My Vietnam,Pink,,1
